data,brl_price_yesterday,brl_price_yesterday-1,var_brl_price_yesterday,var_usd_price_yesterday,usd,brl_price
04-01-2019,406.66,407.80,1.14,0.02,3.71,407.57
07-01-2019,407.57,406.66,-0.91,-0.02,3.73,405.63
08-01-2019,405.63,407.57,1.94,-0.02,3.71,411.77
09-01-2019,411.77,405.63,-6.14,0.03,3.69,411.99
10-01-2019,411.99,411.77,-0.22,0,3.72,409.93
11-01-2019,409.93,411.99,02.06,-0.02,3.72,408.58
14-01-2019,408.58,409.93,1.35,0.03,3.70,407.67
15-01-2019,407.67,408.58,0.91,0,3.73,402.67
16-01-2019,402.67,407.67,5,0.01,3.73,404.07
17-01-2019,404.07,402.67,-1.4,0.02,3.74,407.61
18-01-2019,407.61,404.07,-3.54,0,3.76,415.41
21-01-2019,415.41,407.61,-7.8,0.04,3.76,417.27
22-01-2019,417.27,415.41,-1.86,-0.03,3.80,412.64
23-01-2019,412.64,417.27,4.63,0,3.77,413.97
24-01-2019,413.97,412.64,-1.33,-0.01,3.77,418.21
25-01-2019,418.21,413.97,-4.24,0,3.76,418.56
28-01-2019,418.56,418.21,-0.35,-0.04,3.76,413.73
29-01-2019,413.73,418.56,4.83,0,3.72,410.74
30-01-2019,410.74,413.73,2.99,-0.07,3.72,411.55
31-01-2019,411.55,410.74,-0.81,0.01,3.65,415.13
01-02-2019,415.13,411.55,-3.58,0.01,3.66,415.64
04-02-2019,415.64,415.13,-0.51,-0.01,3.67,417.87
05-02-2019,417.87,415.64,-2.23,0.04,3.66,418.51
06-02-2019,418.51,417.87,-0.64,0.01,3.70,420.46
07-02-2019,420.46,418.51,-1.95,0.02,3.71,418.48
08-02-2019,418.48,420.46,1.98,0.03,3.73,418.21
11-02-2019,418.21,418.48,0.27,-0.05,3.76,409.73
12-02-2019,409.73,418.21,8.48,0.04,3.71,408.98
13-02-2019,408.98,409.73,0.75,-0.01,3.75,408.62
14-02-2019,408.62,408.98,0.36,-0.04,3.74,405.12
15-02-2019,405.12,408.62,3.5,0.03,3.70,405.26
18-02-2019,405.26,405.12,-0.14,-0.02,3.73,404.19
19-02-2019,404.19,405.26,01.07,0.02,3.71,403.12
20-02-2019,403.12,404.19,01.07,0.02,3.73,402.51
21-02-2019,402.51,403.12,0.61,-0.01,3.75,401.84
22-02-2019,401.84,402.51,0.67,0,3.74,403.63
25-02-2019,403.63,401.84,-1.79,0.01,3.74,401.42
26-02-2019,401.42,403.63,2.21,-0.02,3.75,396.32
27-02-2019,396.32,401.42,5.1,0.02,3.73,397.40
28-02-2019,397.40,396.32,-1.08,0.02,3.75,396.68
01-03-2019,396.68,397.40,0.72,0.07,3.77,398.43
06-03-2019,398.43,396.68,-1.75,0.06,3.84,400.33
07-03-2019,400.33,398.43,-1.9,-0.03,3.90,401.27
08-03-2019,401.27,400.33,-0.94,-0.03,3.87,403.09
11-03-2019,403.09,401.27,-1.82,-0.03,3.84,401.91
12-03-2019,401.91,403.09,1.18,0,3.81,395.58
13-03-2019,395.58,401.91,6.33,0.04,3.81,398.22
14-03-2019,398.22,395.58,-2.64,-0.03,3.85,399.14
15-03-2019,399.14,398.22,-0.92,-0.03,3.82,398.96
18-03-2019,398.96,399.14,0.18,-0.01,3.79,395.22
19-03-2019,395.22,398.96,3.74,-0.03,3.78,393.28
20-03-2019,393.28,395.22,1.94,0.04,3.75,387.99
21-03-2019,387.99,393.28,5.29,0.11,3.79,388.89
22-03-2019,388.89,387.99,-0.9,-0.04,3.90,389.35
25-03-2019,389.35,388.89,-0.46,0.01,3.86,390.88
26-03-2019,390.88,389.35,-1.53,0.08,3.87,392.84
27-03-2019,392.84,390.88,-1.96,-0.04,3.95,394.11
28-03-2019,394.11,392.84,-1.27,0.01,3.91,393.99
29-03-2019,393.99,394.11,0.12,-0.05,3.92,393.08
01-04-2019,393.08,393.99,0.91,-0.01,3.87,387.09
02-04-2019,387.09,393.08,5.99,0.01,3.86,384.58
03-04-2019,384.58,387.09,2.51,-0.02,3.87,392.46
04-04-2019,392.46,384.58,-7.88,0.02,3.85,392.56
05-04-2019,392.56,392.46,-0.1,-0.02,3.87,388.85
08-04-2019,388.85,392.56,3.71,0.01,3.85,385.40
09-04-2019,385.40,388.85,3.45,-0.04,3.86,389.57
10-04-2019,389.57,385.40,-4.17,0.04,3.82,389.32
11-04-2019,389.32,389.57,0.25,0.03,3.86,376.92
12-04-2019,376.92,389.32,12.4,-0.02,3.89,377.13
15-04-2019,377.13,376.92,-0.21,0.03,3.87,380.58
16-04-2019,380.58,377.13,-3.45,0.03,3.90,381.09
17-04-2019,381.09,380.58,-0.51,0,3.93,375.48
18-04-2019,375.48,381.09,5.61,0,3.93,382.11
22-04-2019,382.11,375.48,-6.63,-0.01,3.93,383.57
23-04-2019,383.57,382.11,-1.46,0.07,3.92,384.33
24-04-2019,384.33,383.57,-0.76,-0.04,3.99,384.41
25-04-2019,384.41,384.33,-0.08,-0.02,3.95,384.32
26-04-2019,384.32,384.41,0.09,0.01,3.93,383.00
29-04-2019,383.00,384.32,1.32,-0.02,3.94,381.97
30-04-2019,381.97,383.00,01.03,0.04,3.92,386.67
02-05-2019,386.67,381.97,-4.7,-0.02,3.96,382.13
03-05-2019,382.13,386.67,4.54,0.02,3.94,382.47
06-05-2019,382.47,382.13,-0.34,0.01,3.96,381.01
07-05-2019,381.01,382.47,1.46,-0.04,3.97,376.64
08-05-2019,376.64,381.01,4.37,0.02,3.93,376.58
09-05-2019,376.58,376.64,0.06,-0.01,3.95,380.81
10-05-2019,380.81,376.58,-4.23,0.04,3.94,382.45
13-05-2019,382.45,380.81,-1.64,-0.01,3.98,380.66
14-05-2019,380.66,382.45,1.79,0.02,3.97,383.24
15-05-2019,383.24,380.66,-2.58,0.05,3.99,384.08
16-05-2019,384.08,383.24,-0.84,0.06,04.04,385.13
17-05-2019,385.13,384.08,-1.05,0,4.10,384.26
20-05-2019,384.26,385.13,0.87,-0.05,4.10,383.04
21-05-2019,383.04,384.26,1.22,-0.01,04.05,389.37
22-05-2019,389.37,383.04,-6.33,0.01,04.04,388.47
23-05-2019,388.47,389.37,0.9,-0.04,04.05,391.64
24-05-2019,391.64,388.47,-3.17,0.02,04.01,392.17
27-05-2019,392.17,391.64,-0.53,-0.01,04.03,391.77
28-05-2019,391.77,392.17,0.4,-0.04,04.02,400.97
29-05-2019,400.97,391.77,-9.2,0,3.98,409.81
30-05-2019,409.81,400.97,-8.84,-0.05,3.98,414.31
31-05-2019,414.31,409.81,-4.5,-0.03,3.93,417.80
03-06-2019,417.80,414.31,-3.49,-0.04,3.90,422.55
04-06-2019,422.55,417.80,-4.75,0.04,3.86,427.58
05-06-2019,427.58,422.55,-5.03,-0.02,3.90,403.57
06-06-2019,403.57,427.58,24.01,-0.01,3.88,413.84
07-06-2019,413.84,403.57,-10.27,0.01,3.87,411.63
10-06-2019,411.63,413.84,2.21,-0.03,3.88,408.39
11-06-2019,408.39,411.63,3.24,0.01,3.85,405.25
12-06-2019,405.25,408.39,3.14,0,3.86,407.84
13-06-2019,407.84,405.25,-2.59,0.03,3.86,403.44
14-06-2019,403.44,407.84,4.4,0.01,3.89,403.38
17-06-2019,403.38,403.44,0.06,-0.04,3.90,401.64
18-06-2019,401.64,403.38,1.74,-0.01,3.86,396.80
19-06-2019,396.80,401.64,4.84,-0.03,3.85,397.42
21-06-2019,397.42,396.80,-0.62,0,3.82,402.12
24-06-2019,402.12,397.42,-4.7,0.03,3.82,410.65
25-06-2019,410.65,402.12,-8.53,0,3.85,424.04
26-06-2019,424.04,410.65,-13.39,-0.02,3.85,423.57
27-06-2019,423.57,424.04,0.47,0.01,3.83,428.69
28-06-2019,428.69,423.57,-5.12,0.01,3.84,434.39
01-07-2019,434.39,428.69,-5.7,0,3.85,440.87
02-07-2019,440.87,434.39,-6.48,-0.03,3.85,438.08
03-07-2019,438.08,440.87,2.79,-0.03,3.82,452.92
04-07-2019,452.92,438.08,-14.84,0.03,3.79,451.45
05-07-2019,451.45,452.92,1.47,-0.01,3.82,443.63
08-07-2019,443.63,451.45,7.82,-0.02,3.81,433.20
09-07-2019,433.20,443.63,10.43,-0.04,3.79,432.27
10-07-2019,432.27,433.20,0.93,0,3.75,422.98
11-07-2019,422.98,432.27,9.29,-0.01,3.75,422.18
12-07-2019,422.18,422.98,0.8,0.02,3.74,421.59
15-07-2019,421.59,422.18,0.59,0,3.76,430.26
16-07-2019,430.26,421.59,-8.67,0,3.76,415.95
17-07-2019,415.95,430.26,14.31,-0.03,3.76,422.54
18-07-2019,422.54,415.95,-6.59,0.02,3.73,426.00
19-07-2019,426.00,422.54,-3.46,-0.01,3.75,424.77
22-07-2019,424.77,426.00,1.23,0.03,3.74,415.99
23-07-2019,415.99,424.77,8.78,0,3.77,408.85
24-07-2019,408.85,415.99,7.14,0.01,3.77,408.96
25-07-2019,408.96,408.85,-0.11,-0.01,3.78,408.98
26-07-2019,408.98,408.96,-0.02,0.01,3.77,405.80
29-07-2019,405.80,408.98,3.18,0.01,3.78,409.25
30-07-2019,409.25,405.80,-3.45,0.01,3.79,405.28
31-07-2019,405.28,409.25,3.97,0.04,3.80,402.56
01-08-2019,402.56,405.28,2.72,0.04,3.84,400.70
02-08-2019,400.70,402.56,1.86,0.08,3.88,407.25
05-08-2019,407.25,400.70,-6.55,0,3.96,402.81
06-08-2019,402.81,407.25,4.44,0.02,3.96,404.66
07-08-2019,404.66,402.81,-1.85,-0.05,3.98,407.06
08-08-2019,407.06,404.66,-2.4,0.01,3.93,410.31
09-08-2019,410.31,407.06,-3.25,0.04,3.94,408.13
12-08-2019,408.13,410.31,2.18,-0.02,3.98,402.43
13-08-2019,402.43,408.13,5.7,0.08,3.96,405.06
14-08-2019,405.06,402.43,-2.63,-0.05,04.04,408.46
15-08-2019,408.46,405.06,-3.4,0.01,3.99,409.13
16-08-2019,409.13,408.46,-0.67,0.07,4.00,404.98
19-08-2019,404.98,409.13,4.15,-0.03,04.07,401.37
20-08-2019,401.37,404.98,3.61,-0.02,04.04,405.93
21-08-2019,405.93,401.37,-4.56,0.05,04.02,406.26
22-08-2019,406.26,405.93,-0.33,0.05,04.07,405.64
23-08-2019,405.64,406.26,0.62,0.03,4.12,409.89
26-08-2019,409.89,405.64,-4.25,0,4.15,418.13
27-08-2019,418.13,409.89,-8.24,0.01,4.15,419.23
28-08-2019,419.23,418.13,-1.1,0,4.16,422.10
29-08-2019,422.10,419.23,-2.87,-0.03,4.16,415.64
30-08-2019,415.64,422.10,6.46,0.05,4.13,417.18
02-09-2019,417.18,415.64,-1.54,0,4.18,417.58
03-09-2019,417.58,417.18,-0.4,-0.08,4.18,420.55
04-09-2019,420.55,417.58,-2.97,0,4.10,418.66
05-09-2019,418.66,420.55,1.89,-0.03,4.10,415.47
06-09-2019,415.47,418.66,3.19,0.03,04.07,416.63
09-09-2019,416.63,415.47,-1.16,0,4.10,419.61
10-09-2019,419.61,416.63,-2.98,-0.04,4.10,431.28
11-09-2019,431.28,419.61,-11.67,0,04.06,437.66
12-09-2019,437.66,431.28,-6.38,0.03,04.06,439.65
13-09-2019,439.65,437.66,-1.99,0,04.09,438.02
16-09-2019,438.02,439.65,1.63,-0.01,04.09,440.51
17-09-2019,440.51,438.02,-2.49,0.03,04.08,431.94
18-09-2019,431.94,440.51,8.57,0.05,4.11,432.57
19-09-2019,432.57,431.94,-0.63,-0.01,4.16,429.95
20-09-2019,429.95,432.57,2.62,0.02,4.15,433.00
23-09-2019,433.00,429.95,-3.05,0,4.17,432.66
24-09-2019,432.66,433.00,0.34,-0.01,4.17,432.86
25-09-2019,432.86,432.66,-0.2,0,4.16,438.21
26-09-2019,438.21,432.86,-5.35,0,4.16,437.50
27-09-2019,437.50,438.21,0.71,-0.01,4.16,440.42
30-09-2019,440.42,437.50,-2.92,0.01,4.15,438.49
01-10-2019,438.49,440.42,1.93,-0.02,4.16,439.25
02-10-2019,439.25,438.49,-0.76,-0.06,4.14,437.29
03-10-2019,437.29,439.25,1.96,-0.02,04.08,437.18
04-10-2019,437.18,437.29,0.11,0.04,04.06,426.74
07-10-2019,426.74,437.18,10.44,-0.01,4.10,420.43
08-10-2019,420.43,426.74,6.31,0,04.09,415.74
09-10-2019,415.74,420.43,4.69,0.03,04.09,415.53
10-10-2019,415.53,415.74,0.21,-0.03,4.12,411.92
11-10-2019,411.92,415.53,3.61,0.04,04.09,413.72
14-10-2019,413.72,411.92,-1.8,0.03,4.13,414.88
15-10-2019,414.88,413.72,-1.16,0,4.16,414.94
16-10-2019,414.94,414.88,-0.06,0,4.16,413.31
17-10-2019,413.31,414.94,1.63,-0.04,4.16,414.04
18-10-2019,414.04,413.31,-0.73,0.02,4.12,419.99
21-10-2019,419.99,414.04,-5.95,-0.07,4.14,416.03
22-10-2019,416.03,419.99,3.96,-0.04,04.07,422.18
23-10-2019,422.18,416.03,-6.15,0.01,04.03,420.48
24-10-2019,420.48,422.18,1.7,-0.03,04.04,417.81
25-10-2019,417.81,420.48,2.67,-0.02,04.01,424.23
28-10-2019,424.23,417.81,-6.42,0.01,3.99,422.64
29-10-2019,422.64,424.23,1.59,-0.01,4.00,421.58
30-10-2019,421.58,422.64,01.06,0.02,3.99,424.07
31-10-2019,424.07,421.58,-2.49,-0.01,04.01,432.49
01-11-2019,432.49,424.07,-8.42,0.01,4.00,438.38
04-11-2019,438.38,432.49,-5.89,-0.02,04.01,436.51
05-11-2019,436.51,438.38,1.87,0.1,3.99,445.87
06-11-2019,445.87,436.51,-9.36,0,04.09,457.37
07-11-2019,457.37,445.87,-11.5,0.07,04.09,462.84
08-11-2019,462.84,457.37,-5.47,-0.02,4.16,474.27
11-11-2019,474.27,462.84,-11.43,0.03,4.14,464.62
12-11-2019,464.62,474.27,9.65,0.02,4.17,464.57
13-11-2019,464.57,464.62,0.05,0,4.19,473.13
14-11-2019,473.13,464.57,-8.56,0.01,4.19,471.21
18-11-2019,471.21,473.13,1.92,0,4.20,466.89
19-11-2019,466.89,471.21,4.32,0,4.20,462.37
20-11-2019,462.37,466.89,4.52,0,4.20,475.80
21-11-2019,475.80,462.37,-13.43,-0.01,4.20,490.53
22-11-2019,490.53,475.80,-14.73,0.02,4.19,489.53
25-11-2019,489.53,490.53,1,0.03,4.21,504.52
26-11-2019,504.52,489.53,-14.99,0.02,4.24,499.61
27-11-2019,499.61,504.52,4.91,-0.05,4.26,507.54
28-11-2019,507.54,499.61,-7.93,0.03,4.21,506.68
29-11-2019,506.68,507.54,0.86,-0.02,4.24,510.02
02-12-2019,510.02,506.68,-3.34,-0.01,4.22,522.45
03-12-2019,522.45,510.02,-12.43,0,4.21,526.37
04-12-2019,526.37,522.45,-3.92,-0.02,4.21,524.09
05-12-2019,524.09,526.37,2.28,-0.05,4.19,531.52
06-12-2019,531.52,524.09,-7.43,-0.01,4.14,536.70
09-12-2019,536.70,531.52,-5.18,0.02,4.13,545.00
10-12-2019,545.00,536.70,-8.3,-0.02,4.15,557.99
11-12-2019,557.99,545.00,-12.99,-0.04,4.13,562.10
12-12-2019,562.10,557.99,-4.11,0.02,04.09,568.74
13-12-2019,568.74,562.10,-6.64,-0.05,4.11,550.06
16-12-2019,550.06,568.74,18.68,0,04.06,571.63
17-12-2019,571.63,550.06,-21.57,0.01,04.06,555.14
18-12-2019,555.14,571.63,16.49,-0.01,04.07,554.39
19-12-2019,554.39,555.14,0.75,0.04,04.06,541.17
20-12-2019,541.17,554.39,13.22,-0.02,4.10,543.29
23-12-2019,543.29,541.17,-2.12,-0.02,04.08,536.11
26-12-2019,536.11,543.29,7.18,-0.01,04.06,539.83
27-12-2019,539.83,536.11,-3.72,-0.03,04.05,543.45
30-12-2019,543.45,539.83,-3.62,0,04.02,548.21
02-01-2020,548.21,543.45,-4.76,0.03,04.02,534.42
03-01-2020,534.42,548.21,13.79,0.02,04.05,534.07
06-01-2020,534.07,534.42,0.35,-0.01,04.07,514.24
07-01-2020,514.24,534.07,19.83,-0.01,04.06,509.50
08-01-2020,509.50,514.24,4.74,0.04,04.05,502.34
09-01-2020,502.34,509.50,7.16,-0.01,04.09,498.57
10-01-2020,498.57,502.34,3.77,0.06,04.08,502.57
13-01-2020,502.57,498.57,-4,-0.01,4.14,493.84
14-01-2020,493.84,502.57,8.73,0.05,4.13,491.04
15-01-2020,491.04,493.84,2.8,0.01,4.18,489.77
16-01-2020,489.77,491.04,1.27,-0.03,4.19,487.70
17-01-2020,487.70,489.77,02.07,0.03,4.16,488.66
20-01-2020,488.66,487.70,-0.96,0.01,4.19,488.08
21-01-2020,488.08,488.66,0.58,-0.02,4.20,485.12
22-01-2020,485.12,488.08,2.96,-0.01,4.18,487.44
23-01-2020,487.44,485.12,-2.32,0.02,4.17,488.23
24-01-2020,488.23,487.44,-0.79,0.02,4.19,485.06
27-01-2020,485.06,488.23,3.17,-0.02,4.21,475.01
28-01-2020,475.01,485.06,10.05,0.03,4.19,475.97
29-01-2020,475.97,475.01,-0.96,0.04,4.22,471.06
30-01-2020,471.06,475.97,4.91,0.02,4.26,470.22
31-01-2020,470.22,471.06,0.84,-0.03,4.28,473.81
03-02-2020,473.81,470.22,-3.59,0.01,4.25,453.70
04-02-2020,453.70,473.81,20.11,-0.02,4.26,452.94
05-02-2020,452.94,453.70,0.76,0.04,4.24,455.96
06-02-2020,455.96,452.94,-3.02,0.04,4.28,458.70
07-02-2020,458.70,455.96,-2.74,0.01,4.32,461.41
10-02-2020,461.41,458.70,-2.71,0,4.33,464.85
11-02-2020,464.85,461.41,-3.44,0.02,4.33,467.40
12-02-2020,467.40,464.85,-2.55,-0.01,4.35,469.31
13-02-2020,469.31,467.40,-1.91,-0.04,4.34,484.06
14-02-2020,484.06,469.31,-14.75,0.03,4.30,498.94
17-02-2020,498.94,484.06,-14.88,0.03,4.33,498.77
18-02-2020,498.77,498.94,0.17,0.01,4.36,488.00
19-02-2020,488.00,498.77,10.77,0.02,4.37,493.29
20-02-2020,493.29,488.00,-5.29,0,4.39,486.89
21-02-2020,486.89,493.29,6.4,0.05,4.39,501.10
26-02-2020,501.10,486.89,-14.21,0.03,4.44,505.14
27-02-2020,505.14,501.10,-4.04,0.02,4.47,511.41
28-02-2020,511.41,505.14,-6.27,0,4.49,522.42
02-03-2020,522.42,511.41,-11.01,0.02,4.49,533.54
03-03-2020,533.54,522.42,-11.12,0.07,4.51,548.53
04-03-2020,548.53,533.54,-14.99,0.07,4.58,547.90
05-03-2020,547.90,548.53,0.63,-0.02,4.65,537.74
06-03-2020,537.74,547.90,10.16,0.12,4.63,525.30
09-03-2020,525.30,537.74,12.44,-0.11,4.75,532.71
10-03-2020,532.71,525.30,-7.41,0.09,4.64,544.28
11-03-2020,544.28,532.71,-11.57,0.09,4.73,541.48
12-03-2020,541.48,544.28,2.8,0.03,4.82,544.55
13-03-2020,544.55,541.48,-3.07,0.18,4.85,540.39
16-03-2020,540.39,544.55,4.16,-0.03,05.03,543.26
17-03-2020,543.26,540.39,-2.87,0.23,5.00,538.10
18-03-2020,538.10,543.26,5.16,-0.13,5.23,558.49
19-03-2020,558.49,538.10,-20.39,-0.05,5.10,569.41
20-03-2020,569.41,558.49,-10.92,0.09,05.05,575.57
23-03-2020,575.57,569.41,-6.16,-0.05,5.14,576.11
24-03-2020,576.11,575.57,-0.54,-0.08,05.09,582.94
25-03-2020,582.94,576.11,-6.83,-0.01,05.01,589.87
26-03-2020,589.87,582.94,-6.93,0.06,5.00,582.00
27-03-2020,582.00,589.87,7.87,0.12,05.06,566.67
30-03-2020,566.67,582.00,15.33,0.02,5.18,577.85
31-03-2020,577.85,566.67,-11.18,0.06,5.20,581.56
01-04-2020,581.56,577.85,-3.71,0.01,5.26,579.37
02-04-2020,579.37,581.56,2.19,0.05,5.27,587.78
03-04-2020,587.78,579.37,-8.41,-0.02,5.32,581.63
06-04-2020,581.63,587.78,6.15,-0.08,5.30,582.30
07-04-2020,582.30,581.63,-0.67,-0.07,5.22,588.37
08-04-2020,588.37,582.30,-6.07,-0.05,5.15,588.51
09-04-2020,588.51,588.37,-0.14,0.08,5.10,584.08
13-04-2020,584.08,588.51,4.43,0.01,5.18,584.78
14-04-2020,584.78,584.08,-0.7,0.05,5.19,582.10
15-04-2020,582.10,584.78,2.68,0.02,5.24,590.34
16-04-2020,590.34,582.10,-8.24,-0.02,5.26,591.03
17-04-2020,591.03,590.34,-0.69,0.07,5.24,588.06
20-04-2020,588.06,591.03,2.97,0.1,5.31,586.62
22-04-2020,586.62,588.06,1.44,0.09,5.41,585.70
23-04-2020,585.70,586.62,0.92,0.17,5.50,590.29
24-04-2020,590.29,585.70,-4.59,0.04,5.67,585.13
27-04-2020,585.13,590.29,5.16,-0.21,5.71,583.76
28-04-2020,583.76,585.13,1.37,-0.14,5.50,582.91
29-04-2020,582.91,583.76,0.85,0.09,5.36,575.41
30-04-2020,575.41,582.91,7.5,0.09,5.45,573.02
04-05-2020,573.02,575.41,2.39,0.06,5.54,573.79
05-05-2020,573.79,573.02,-0.77,0.1,5.60,583.41
06-05-2020,583.41,573.79,-9.62,0.16,5.70,586.64
07-05-2020,586.64,583.41,-3.23,-0.11,5.86,587.73
08-05-2020,587.73,586.64,-1.09,0.09,5.75,597.52
11-05-2020,597.52,587.73,-9.79,0.02,5.84,591.67
12-05-2020,591.67,597.52,5.85,0.06,5.86,583.78
13-05-2020,583.78,591.67,7.89,-0.08,5.92,583.34
14-05-2020,583.34,583.78,0.44,-0.01,5.84,588.86
15-05-2020,588.86,583.34,-5.52,-0.12,5.83,593.87
18-05-2020,593.87,588.86,-5.01,0.02,5.71,586.52
19-05-2020,586.52,593.87,7.35,-0.05,5.73,582.91
20-05-2020,582.91,586.52,3.61,-0.11,5.68,579.38
21-05-2020,579.38,582.91,3.53,0.01,5.57,575.20
22-05-2020,575.20,579.38,4.18,-0.13,5.58,568.90
25-05-2020,568.90,575.20,6.3,-0.11,5.45,569.15
26-05-2020,569.15,568.90,-0.25,-0.05,5.34,559.06
27-05-2020,559.06,569.15,10.09,0.07,5.29,542.37
28-05-2020,542.37,559.06,16.69,-0.02,5.36,535.77
29-05-2020,535.77,542.37,6.6,0.04,5.34,513.30
01-06-2020,513.30,535.77,22.47,-0.16,5.38,507.99
02-06-2020,507.99,513.30,5.31,-0.15,5.22,502.31
03-06-2020,502.31,507.99,5.68,0.05,05.07,499.13
04-06-2020,499.13,502.31,3.18,-0.15,5.12,493.35
05-06-2020,493.35,499.13,5.78,-0.1,4.97,487.68
08-06-2020,487.68,493.35,5.67,0.01,4.87,472.84
09-06-2020,472.84,487.68,14.84,0.04,4.88,468.92
10-06-2020,468.92,472.84,3.92,0.14,4.92,465.57
12-06-2020,465.57,468.92,3.35,0.09,05.06,468.75
15-06-2020,468.75,465.57,-3.18,0.08,5.15,467.09
16-06-2020,467.09,468.75,1.66,0.04,5.23,465.41
17-06-2020,465.41,467.09,1.68,0.12,5.27,474.03
18-06-2020,474.03,465.41,-8.62,-0.08,5.39,479.19
19-06-2020,479.19,474.03,-5.16,-0.04,5.31,478.80
22-06-2020,478.80,479.19,0.39,-0.12,5.27,478.47
23-06-2020,478.47,478.80,0.33,0.17,5.15,480.12
24-06-2020,480.12,478.47,-1.65,0,5.32,484.13
25-06-2020,484.13,480.12,-4.01,0.15,5.32,477.89
26-06-2020,477.89,484.13,6.24,-0.03,5.47,488.60
29-06-2020,488.60,477.89,-10.71,0,5.44,500.17
30-06-2020,500.17,488.60,-11.57,-0.13,5.44,507.79
01-07-2020,507.79,500.17,-7.62,0.04,5.31,510.69
02-07-2020,510.69,507.79,-2.9,-0.03,5.35,512.81
03-07-2020,512.81,510.69,-2.12,0.02,5.32,510.08
06-07-2020,510.08,512.81,2.73,0.04,5.34,491.88
07-07-2020,491.88,510.08,18.2,-0.03,5.38,491.09
08-07-2020,491.09,491.88,0.79,-0.01,5.35,492.97
09-07-2020,492.97,491.09,-1.88,-0.02,5.34,492.33
10-07-2020,492.33,492.97,0.64,0.05,5.32,488.95
13-07-2020,488.95,492.33,3.38,-0.03,5.37,496.71
14-07-2020,496.71,488.95,-7.76,0.04,5.34,488.80
15-07-2020,488.80,496.71,7.91,-0.05,5.38,485.62
16-07-2020,485.62,488.80,3.18,0.06,5.33,490.91
17-07-2020,490.91,485.62,-5.29,-0.06,5.39,504.38
20-07-2020,504.38,490.91,-13.47,-0.13,5.33,495.50
21-07-2020,495.50,504.38,8.88,-0.08,5.20,495.13
22-07-2020,495.13,495.50,0.37,0.09,5.12,508.14
23-07-2020,508.14,495.13,-13.01,0,5.21,509.02
24-07-2020,509.02,508.14,-0.88,-0.04,5.21,507.23
27-07-2020,507.23,509.02,1.79,-0.02,5.17,512.79
28-07-2020,512.79,507.23,-5.56,0.02,5.15,517.67
29-07-2020,517.67,512.79,-4.88,-0.01,5.17,531.75
30-07-2020,531.75,517.67,-14.08,0.05,5.16,541.57
31-07-2020,541.57,531.75,-9.82,0.12,5.21,561.40
03-08-2020,561.40,541.57,-19.83,-0.03,5.33,569.74
04-08-2020,569.74,561.40,-8.34,0,5.30,578.99
05-08-2020,578.99,569.74,-9.25,0.05,5.30,585.17
06-08-2020,585.17,578.99,-6.18,0.07,5.35,570.46
07-08-2020,570.46,585.17,14.71,0.04,5.42,565.29
10-08-2020,565.29,570.46,5.17,-0.05,5.46,562.54
11-08-2020,562.54,565.29,2.75,0.05,5.41,560.21
12-08-2020,560.21,562.54,2.33,-0.09,5.46,550.95
13-08-2020,550.95,560.21,9.26,0.06,5.37,557.61
14-08-2020,557.61,550.95,-6.66,0.07,5.43,558.14
17-08-2020,558.14,557.61,-0.53,-0.03,5.50,566.51
18-08-2020,566.51,558.14,-8.37,0.05,5.47,576.84
19-08-2020,576.84,566.51,-10.33,0.04,5.52,577.33
20-08-2020,577.33,576.84,-0.49,0.05,5.56,583.29
21-08-2020,583.29,577.33,-5.96,-0.01,5.61,590.78
24-08-2020,590.78,583.29,-7.49,-0.08,5.60,592.48
25-08-2020,592.48,590.78,-1.7,0.08,5.52,596.21
26-08-2020,596.21,592.48,-3.73,-0.03,5.60,603.11
27-08-2020,603.11,596.21,-6.9,-0.16,5.57,596.04
28-08-2020,596.04,603.11,07.07,0.07,5.41,603.55
31-08-2020,603.55,596.04,-7.51,-0.09,5.48,610.57
01-09-2020,610.57,603.55,-7.02,-0.03,5.39,605.15
02-09-2020,605.15,610.57,5.42,-0.07,5.36,605.24
03-09-2020,605.24,605.15,-0.09,0.02,5.29,599.29
04-09-2020,599.29,605.24,5.95,0.05,5.31,606.06
08-09-2020,606.06,599.29,-6.77,-0.07,5.36,600.43
09-09-2020,600.43,606.06,5.63,0.03,5.29,585.43
10-09-2020,585.43,600.43,15,0.01,5.32,587.04
11-09-2020,587.04,585.43,-1.61,-0.05,5.33,592.71
14-09-2020,592.71,587.04,-5.67,0.01,5.28,563.78
15-09-2020,563.78,592.71,28.93,-0.05,5.29,561.54
16-09-2020,561.54,563.78,2.24,0,5.24,554.39
17-09-2020,554.39,561.54,7.15,0.13,5.24,554.16
18-09-2020,554.16,554.39,0.23,0.03,5.37,544.82
21-09-2020,544.82,554.16,9.34,0.07,5.40,538.25
22-09-2020,538.25,544.82,6.57,0.11,5.47,533.89
23-09-2020,533.89,538.25,4.36,-0.06,5.58,534.51
24-09-2020,534.51,533.89,-0.62,0.02,5.52,536.31
25-09-2020,536.31,534.51,-1.8,0.1,5.54,542.53
28-09-2020,542.53,536.31,-6.22,0,5.64,535.50
29-09-2020,535.50,542.53,07.03,-0.02,5.64,534.81
30-09-2020,534.81,535.50,0.69,0.03,5.62,541.13
01-10-2020,541.13,534.81,-6.32,0.01,5.65,532.37
02-10-2020,532.37,541.13,8.76,-0.1,5.66,537.44
05-10-2020,537.44,532.37,-5.07,0.04,5.56,531.65
06-10-2020,531.65,537.44,5.79,0.02,5.60,532.14
07-10-2020,532.14,531.65,-0.49,-0.03,5.62,533.47
08-10-2020,533.47,532.14,-1.33,-0.06,5.59,538.09
09-10-2020,538.09,533.47,-4.62,0.04,5.53,537.80
13-10-2020,537.80,538.09,0.29,0.03,5.57,539.64
14-10-2020,539.64,537.80,-1.84,0.01,5.60,540.05
15-10-2020,540.05,539.64,-0.41,0.04,5.61,540.51
16-10-2020,540.51,540.05,-0.46,-0.05,5.65,538.88
19-10-2020,538.88,540.51,1.63,0,5.60,534.97
20-10-2020,534.97,538.88,3.91,0.01,5.60,531.09
21-10-2020,531.09,534.97,3.88,-0.01,5.61,531.54
22-10-2020,531.54,531.09,-0.45,0.03,5.60,539.87
23-10-2020,539.87,531.54,-8.33,0,5.63,536.98
26-10-2020,536.98,539.87,2.89,0.04,5.63,538.84
27-10-2020,538.84,536.98,-1.86,0.07,5.67,540.47
28-10-2020,540.47,538.84,-1.63,0.01,5.74,538.56
29-10-2020,538.56,540.47,1.91,0,5.75,536.73
30-10-2020,536.73,538.56,1.83,0,5.75,537.58
03-11-2020,537.58,536.73,-0.85,-0.09,5.75,538.74
04-11-2020,538.74,537.58,-1.16,-0.11,5.66,535.61
05-11-2020,535.61,538.74,3.13,-0.16,5.55,543.05
06-11-2020,543.05,535.61,-7.44,0.02,5.39,542.82
09-11-2020,542.82,543.05,0.23,-0.03,5.41,536.39
10-11-2020,536.39,542.82,6.43,0.03,5.38,534.97
11-11-2020,534.97,536.39,1.42,0.06,5.41,542.94
12-11-2020,542.94,534.97,-7.97,0.01,5.47,551.64
13-11-2020,551.64,542.94,-8.7,-0.05,5.48,551.90
16-11-2020,551.90,551.64,-0.26,-0.09,5.43,564.36
17-11-2020,564.36,551.90,-12.46,0.01,5.34,568.44
18-11-2020,568.44,564.36,-4.08,-0.04,5.35,588.52
19-11-2020,588.52,568.44,-20.08,0.06,5.31,594.13
20-11-2020,594.13,588.52,-5.61,0.07,5.37,579.30
23-11-2020,579.30,594.13,14.83,-0.05,5.44,580.88
24-11-2020,580.88,579.30,-1.58,-0.07,5.39,578.02
25-11-2020,578.02,580.88,2.86,0.01,5.32,584.40
26-11-2020,584.40,578.02,-6.38,0,5.33,578.52
27-11-2020,578.52,584.40,5.88,0.02,5.33,607.73
30-11-2020,607.73,578.52,-29.21,-0.12,5.35,606.99
01-12-2020,606.99,607.73,0.74,0.02,5.23,590.05
02-12-2020,590.05,606.99,16.94,-0.11,5.25,593.06
03-12-2020,593.06,590.05,-3.01,-0.01,5.14,583.93
04-12-2020,583.93,593.06,9.13,-0.05,5.13,581.96
07-12-2020,581.96,583.93,1.97,0.05,05.08,576.26
08-12-2020,576.26,581.96,5.7,0.05,5.13,580.91
09-12-2020,580.91,576.26,-4.65,-0.14,5.18,574.92
10-12-2020,574.92,580.91,5.99,0.01,05.04,586.40
11-12-2020,586.40,574.92,-11.48,0.06,05.05,582.46
14-12-2020,582.46,586.40,3.94,-0.02,5.11,600.37
15-12-2020,600.37,582.46,-17.91,0.04,05.09,596.64
16-12-2020,596.64,600.37,3.73,-0.05,5.13,608.32
17-12-2020,608.32,596.64,-11.68,0.01,05.08,606.64
18-12-2020,606.64,608.32,1.68,0.03,05.09,604.03
21-12-2020,604.03,606.64,2.61,0.05,5.12,598.23
22-12-2020,598.23,604.03,5.8,0.03,5.17,598.68
23-12-2020,598.68,598.23,-0.45,0.04,5.20,600.82
28-12-2020,600.82,598.68,-2.14,-0.06,5.24,607.83
29-12-2020,607.83,600.82,-7.01,0.01,5.18,608.35
30-12-2020,608.35,607.83,-0.52,0.07,5.19,606.69
04-01-2021,606.69,608.35,1.66,0,5.26,615.78
05-01-2021,615.78,606.69,-9.09,0.02,5.26,615.40
06-01-2021,615.40,615.78,0.38,0.11,5.28,611.28
07-01-2021,611.28,615.40,4.12,0.03,5.39,614.98
08-01-2021,614.98,611.28,-3.7,0.07,5.42,625.71
11-01-2021,625.71,614.98,-10.73,-0.16,5.49,615.56
12-01-2021,615.56,625.71,10.15,-0.03,5.33,617.05
13-01-2021,617.05,615.56,-1.49,-0.1,5.30,632.25
14-01-2021,632.25,617.05,-15.2,0.09,5.20,638.60
15-01-2021,638.60,632.25,-6.35,0,5.29,651.99
18-01-2021,651.99,638.60,-13.39,0.06,5.29,649.68
19-01-2021,649.68,651.99,2.31,-0.03,5.35,650.54
20-01-2021,650.54,649.68,-0.86,0.04,5.32,650.54
21-01-2021,650.54,650.54,0,0.11,5.36,654.24
22-01-2021,654.24,650.54,-3.7,0.04,5.47,658.67
25-01-2021,658.67,654.24,-4.43,-0.18,5.51,657.46
26-01-2021,657.46,658.67,1.21,0.07,5.33,655.25
27-01-2021,655.25,657.46,2.21,0.04,5.40,658.68
28-01-2021,658.68,655.25,-3.43,0.04,5.44,662.22
29-01-2021,662.22,658.68,-3.54,-0.03,5.48,658.33
01-02-2021,658.33,662.22,3.89,-0.09,5.45,672.19
02-02-2021,672.19,658.33,-13.86,0,5.36,669.70
03-02-2021,669.70,672.19,2.49,0.09,5.36,669.33
04-02-2021,669.33,669.70,0.37,-0.06,5.45,667.61
05-02-2021,667.61,669.33,1.72,-0.02,5.39,668.91
08-02-2021,668.91,667.61,-1.3,0.01,5.37,664.66
09-02-2021,664.66,668.91,4.25,0,5.38,665.12
10-02-2021,665.12,664.66,-0.46,0.01,5.38,659.86
11-02-2021,659.86,665.12,5.26,-0.01,5.39,659.55
12-02-2021,659.55,659.86,0.31,0.04,5.38,657.97
17-02-2021,657.97,659.55,1.58,0.02,5.42,670.04
18-02-2021,670.04,657.97,-12.07,-0.03,5.44,683.70
19-02-2021,683.70,670.04,-13.66,0.03,5.41,680.94
22-02-2021,680.94,683.70,2.76,0.01,5.44,701.50
23-02-2021,701.50,680.94,-20.56,-0.02,5.45,724.96
24-02-2021,724.96,701.50,-23.46,0.08,5.43,725.02
25-02-2021,725.02,724.96,-0.06,0.07,5.51,746.14
26-02-2021,746.14,725.02,-21.12,0.02,5.58,746.50
01-03-2021,746.50,746.14,-0.36,0.07,5.60,747.32
02-03-2021,747.32,746.50,-0.82,0.08,5.67,748.80
03-03-2021,748.80,747.32,-1.48,-0.09,5.75,747.51
04-03-2021,747.51,748.80,1.29,0.03,5.66,738.50
05-03-2021,738.50,747.51,09.01,0.08,5.69,735.85
08-03-2021,735.85,738.50,2.65,0.02,5.77,730.76
09-03-2021,730.76,735.85,05.09,-0.13,5.79,737.48
10-03-2021,737.48,730.76,-6.72,-0.12,5.66,739.17
11-03-2021,739.17,737.48,-1.69,0.02,5.54,736.80
12-03-2021,736.80,739.17,2.37,0.09,5.56,737.64
15-03-2021,737.64,736.80,-0.84,-0.04,5.65,737.18
16-03-2021,737.18,737.64,0.46,-0.03,5.61,740.98
17-03-2021,740.98,737.18,-3.8,-0.02,5.58,741.90
18-03-2021,741.90,740.98,-0.92,-0.07,5.56,736.20
19-03-2021,736.20,741.90,5.7,0.02,5.49,724.48
22-03-2021,724.48,736.20,11.72,0,5.51,729.71
23-03-2021,729.71,724.48,-5.23,0.1,5.51,717.04
24-03-2021,717.04,729.71,12.67,0.06,5.61,713.49
25-03-2021,713.49,717.04,3.55,0.08,5.67,716.41
26-03-2021,716.41,713.49,-2.92,0.02,5.75,729.25
29-03-2021,729.25,716.41,-12.84,-0.02,5.77,727.77
30-03-2021,727.77,729.25,1.48,-0.13,5.75,710.15
31-03-2021,710.15,727.77,17.62,0.09,5.62,708.44
01-04-2021,708.44,710.15,1.71,-0.04,5.71,707.11
05-04-2021,707.11,708.44,1.33,-0.07,5.67,704.57
06-04-2021,704.57,707.11,2.54,0.05,5.60,714.67
07-04-2021,714.67,704.57,-10.1,-0.08,5.65,716.55
08-04-2021,716.55,714.67,-1.88,0.11,5.57,722.75
09-04-2021,722.75,716.55,-6.2,0.05,5.68,725.21
12-04-2021,725.21,722.75,-2.46,-0.03,5.73,730.21
13-04-2021,730.21,725.21,-5,-0.03,5.70,730.81
14-04-2021,730.81,730.21,-0.6,-0.05,5.67,743.91
15-04-2021,743.91,730.81,-13.1,-0.03,5.62,742.82
16-04-2021,742.82,743.91,01.09,-0.03,5.59,737.63
19-04-2021,737.63,742.82,5.19,0,5.56,736.30
20-04-2021,736.30,737.63,1.33,-0.1,5.56,743.12
22-04-2021,743.12,736.30,-6.82,0.04,5.46,746.41
23-04-2021,746.41,743.12,-3.29,-0.04,5.50,760.51
26-04-2021,760.51,746.41,-14.1,0.01,5.46,775.45
27-04-2021,775.45,760.51,-14.94,-0.11,5.47,785.11
28-04-2021,785.11,775.45,-9.66,-0.01,5.36,788.22
29-04-2021,788.22,785.11,-3.11,0.08,5.35,788.80
30-04-2021,788.80,788.22,-0.58,-0.01,5.43,782.59
03-05-2021,782.59,788.80,6.21,0.01,5.42,782.03
04-05-2021,782.03,782.59,0.56,-0.06,5.43,787.04
05-05-2021,787.04,782.03,-5.01,-0.09,5.37,813.32
06-05-2021,813.32,787.04,-26.28,-0.06,5.28,828.03
07-05-2021,828.03,813.32,-14.71,0.01,5.22,820.45
10-05-2021,820.45,828.03,7.58,-0.01,5.23,805.98
11-05-2021,805.98,820.45,14.47,0.08,5.22,813.09
12-05-2021,813.09,805.98,-7.11,0,5.30,795.48
13-05-2021,795.48,813.09,17.61,-0.03,5.30,804.79
14-05-2021,804.79,795.48,-9.31,0,5.27,805.55
17-05-2021,805.55,804.79,-0.76,-0.02,5.27,805.71
18-05-2021,805.71,805.55,-0.16,0.07,5.25,816.11
19-05-2021,816.11,805.71,-10.4,-0.05,5.32,819.61
20-05-2021,819.61,816.11,-3.5,0.08,5.27,823.23
21-05-2021,823.23,819.61,-3.62,-0.03,5.35,825.55
24-05-2021,825.55,823.23,-2.32,0.02,5.32,825.79
25-05-2021,825.79,825.55,-0.24,-0.03,5.34,825.11
26-05-2021,825.11,825.79,0.68,-0.06,5.31,850.84
27-05-2021,850.84,825.11,-25.73,-0.03,5.25,864.74
28-05-2021,864.74,850.84,-13.9,0.01,5.22,877.15
31-05-2021,877.15,864.74,-12.41,-0.07,5.23,877.41
01-06-2021,877.41,877.15,-0.26,-0.07,5.16,884.10
02-06-2021,884.10,877.41,-6.69,-0.05,05.09,882.64
04-06-2021,882.64,884.10,1.46,0,05.04,880.18
07-06-2021,880.18,882.64,2.46,0,05.04,868.97
08-06-2021,868.97,880.18,11.21,0.03,05.04,871.72
09-06-2021,871.72,868.97,-2.75,-0.01,05.07,874.33
10-06-2021,874.33,871.72,-2.61,0.06,05.06,869.54
11-06-2021,869.54,874.33,4.79,-0.05,5.12,872.57
14-06-2021,872.57,869.54,-3.03,-0.03,05.07,855.78
15-06-2021,855.78,872.57,16.79,0.01,05.04,850.96
16-06-2021,850.96,855.78,4.82,-0.03,05.05,840.14
17-06-2021,840.14,850.96,10.82,0.05,05.02,825.50
18-06-2021,825.50,840.14,14.64,-0.05,05.07,824.19
21-06-2021,824.19,825.50,1.31,-0.06,05.02,829.05
22-06-2021,829.05,824.19,-4.86,0.01,4.96,826.92
23-06-2021,826.92,829.05,2.13,-0.06,4.97,820.58
24-06-2021,820.58,826.92,6.34,0.04,4.91,823.83
25-06-2021,823.83,820.58,-3.25,-0.02,4.95,831.81
28-06-2021,831.81,823.83,-7.98,0.01,4.93,849.44
29-06-2021,849.44,831.81,-17.63,0.03,4.94,843.76
30-06-2021,843.76,849.44,5.68,0.08,4.97,844.21
01-07-2021,844.21,843.76,-0.45,0,05.05,846.16
02-07-2021,846.16,844.21,-1.95,0.03,05.05,840.25
05-07-2021,840.25,846.16,5.91,0.12,05.08,838.99
06-07-2021,838.99,840.25,1.26,0.03,5.20,817.13
07-07-2021,817.13,838.99,21.86,0.02,5.23,821.63
08-07-2021,821.63,817.13,-4.5,-0.01,5.25,837.72
09-07-2021,837.72,821.63,-16.09,-0.07,5.24,840.43
12-07-2021,840.43,837.72,-2.71,0,5.17,854.69
13-07-2021,854.69,840.43,-14.26,-0.1,5.17,836.90
14-07-2021,836.90,854.69,17.79,0.06,05.07,850.48
15-07-2021,850.48,836.90,-13.58,-0.01,5.13,843.71
16-07-2021,843.71,850.48,6.77,0.14,5.12,875.45
19-07-2021,875.45,843.71,-31.74,-0.04,5.26,866.41
20-07-2021,866.41,875.45,09.04,-0.04,5.22,902.64
21-07-2021,902.64,866.41,-36.23,0.03,5.18,960.50
22-07-2021,960.50,902.64,-57.86,0.01,5.21,1028.35
23-07-2021,1028.35,960.50,-67.85,-0.04,5.22,1008.84
26-07-2021,1008.84,1028.35,19.51,0,5.18,1067.27
27-07-2021,1067.27,1008.84,-58.43,-0.07,5.18,1059.66
28-07-2021,1059.66,1067.27,7.61,-0.03,5.11,1062.35
29-07-2021,1062.35,1059.66,-2.69,0.12,05.08,1045.82
30-07-2021,1045.82,1062.35,16.53,-0.04,5.20,1014.44
02-08-2021,1014.44,1045.82,31.38,0.02,5.16,966.05
03-08-2021,966.05,1014.44,48.39,0.01,5.18,990.47
04-08-2021,990.47,966.05,-24.42,0.01,5.19,993.85
05-08-2021,993.85,990.47,-3.38,0.04,5.20,990.19
06-08-2021,990.19,993.85,3.66,0,5.24,991.23
09-08-2021,991.23,990.19,-1.04,-0.04,5.24,1008.07
10-08-2021,1008.07,991.23,-16.84,0.03,5.20,1015.33
11-08-2021,1015.33,1008.07,-7.26,0.02,5.23,1018.03
12-08-2021,1018.03,1015.33,-2.7,-0.01,5.25,1038.91
13-08-2021,1038.91,1018.03,-20.88,0.05,5.24,1028.95
16-08-2021,1028.95,1038.91,9.96,-0.02,5.29,1050.92
17-08-2021,1050.92,1028.95,-21.97,0.09,5.27,1032.50
18-08-2021,1032.50,1050.92,18.42,0.06,5.36,1043.98
19-08-2021,1043.98,1032.50,-11.48,-0.04,5.42,1038.72
20-08-2021,1038.72,1043.98,5.26,-0.01,5.38,1043.41
23-08-2021,1043.41,1038.72,-4.69,-0.11,5.37,1049.09
24-08-2021,1049.09,1043.41,-5.68,-0.05,5.26,1059.61
25-08-2021,1059.61,1049.09,-10.52,0.04,5.21,1057.07
26-08-2021,1057.07,1059.61,2.54,-0.05,5.25,1067.49
27-08-2021,1067.49,1057.07,-10.42,-0.01,5.20,1075.88
30-08-2021,1075.88,1067.49,-8.39,-0.01,5.19,1102.36
31-08-2021,1102.36,1075.88,-26.48,-0.01,5.18,1084.23
01-09-2021,1084.23,1102.36,18.13,0.02,5.17,1100.25
02-09-2021,1100.25,1084.23,-16.02,-0.01,5.19,1089.49
03-09-2021,1089.49,1100.25,10.76,0,5.18,1081.27
06-09-2021,1081.27,1089.49,8.22,0.13,5.18,1082.64
08-09-2021,1082.64,1081.27,-1.37,0,5.31,1083.73
09-09-2021,1083.73,1082.64,-1.09,-0.04,5.31,1069.14
10-09-2021,1069.14,1083.73,14.59,-0.04,5.27,1073.90
13-09-2021,1073.90,1069.14,-4.76,0.03,5.23,1068.28
14-09-2021,1068.28,1073.90,5.62,-0.02,5.26,1063.09
15-09-2021,1063.09,1068.28,5.19,0.04,5.24,1068.05
16-09-2021,1068.05,1063.09,-4.96,0,5.28,1070.42
17-09-2021,1070.42,1068.05,-2.37,0.07,5.28,1074.55
20-09-2021,1074.55,1070.42,-4.13,-0.07,5.35,1062.73
21-09-2021,1062.73,1074.55,11.82,0.02,5.28,1063.40
22-09-2021,1063.40,1062.73,-0.67,0.01,5.30,1069.03
23-09-2021,1069.03,1063.40,-5.63,0.04,5.31,1089.12
24-09-2021,1089.12,1069.03,-20.09,0.03,5.35,1111.63
27-09-2021,1111.63,1089.12,-22.51,0.05,5.38,1105.09
28-09-2021,1105.09,1111.63,6.54,0,5.43,1146.61
29-09-2021,1146.61,1105.09,-41.52,0.01,5.43,1130.48
30-09-2021,1130.48,1146.61,16.13,-0.08,5.44,1136.94
01-10-2021,1136.94,1130.48,-6.46,0.09,5.36,1183.07
04-10-2021,1183.07,1136.94,-46.13,0.02,5.45,1180.95
05-10-2021,1180.95,1183.07,2.12,0.02,5.47,1149.79
06-10-2021,1149.79,1180.95,31.16,0.01,5.49,1159.92
07-10-2021,1159.92,1149.79,-10.13,0.01,5.50,1180.51
08-10-2021,1180.51,1159.92,-20.59,0.02,5.51,1199.28
11-10-2021,1199.28,1180.51,-18.77,-0.02,5.53,1204.12
13-10-2021,1204.12,1199.28,-4.84,0.01,5.51,1228.44
14-10-2021,1228.44,1204.12,-24.32,-0.06,5.52,1242.78
15-10-2021,1242.78,1228.44,-14.34,0.05,5.46,1233.94
18-10-2021,1233.94,1242.78,8.84,0.08,5.51,1223.91
19-10-2021,1223.91,1233.94,10.03,-0.04,5.59,1243.54
20-10-2021,1243.54,1223.91,-19.63,0.1,5.55,1250.02
21-10-2021,1250.02,1243.54,-6.48,-0.01,5.65,1257.20
22-10-2021,1257.20,1250.02,-7.18,-0.09,5.64,1246.22
25-10-2021,1246.22,1257.20,10.98,0.02,5.55,1247.88
26-10-2021,1247.88,1246.22,-1.66,0,5.57,1270.07
27-10-2021,1270.07,1247.88,-22.19,0.06,5.57,1246.21
28-10-2021,1246.21,1270.07,23.86,0.02,5.63,1239.91
29-10-2021,1239.91,1246.21,6.3,0.02,5.65,1256.27
01-11-2021,1256.27,1239.91,-16.36,-0.07,5.67,1286.73
03-11-2021,1286.73,1256.27,-30.46,0.02,5.60,1284.27
04-11-2021,1284.27,1286.73,2.46,-0.11,5.62,1282.15
05-11-2021,1282.15,1284.27,2.12,0.04,5.51,1265.50
08-11-2021,1265.50,1282.15,16.65,-0.07,5.55,1254.32
09-11-2021,1254.32,1265.50,11.18,0.02,5.48,1258.03
10-11-2021,1258.03,1254.32,-3.71,-0.1,5.50,1256.09
11-11-2021,1256.09,1258.03,1.94,0.06,5.40,1274.18
12-11-2021,1274.18,1256.09,-18.09,0.03,5.46,1307.85
16-11-2021,1307.85,1274.18,-33.67,0.04,5.49,1322.11
17-11-2021,1322.11,1307.85,-14.26,0.04,5.53,1359.78
18-11-2021,1359.78,1322.11,-37.67,0.03,5.57,1367.45
19-11-2021,1367.45,1359.78,-7.67,-0.01,5.60,1392.66
22-11-2021,1392.66,1367.45,-25.21,0.02,5.59,1382.69
23-11-2021,1382.69,1392.66,9.97,-0.02,5.61,1435.66
24-11-2021,1435.66,1382.69,-52.97,-0.03,5.59,1456.43
25-11-2021,1456.43,1435.66,-20.77,0.04,5.56,1466.92
26-11-2021,1466.92,1456.43,-10.49,0.02,5.60,1457.25
29-11-2021,1457.25,1466.92,9.67,0.03,5.62,1424.40
30-11-2021,1424.40,1457.25,32.85,0.02,5.65,1420.09
01-12-2021,1420.09,1424.40,4.31,-0.02,5.67,1421.20
02-12-2021,1421.20,1420.09,-1.11,0.03,5.65,1439.13
03-12-2021,1439.13,1421.20,-17.93,0.01,5.68,1471.19
06-12-2021,1471.19,1439.13,-32.06,-0.07,5.69,1487.58
07-12-2021,1487.58,1471.19,-16.39,-0.08,5.62,1479.74
08-12-2021,1479.74,1487.58,7.84,0.04,5.54,1478.12
09-12-2021,1478.12,1479.74,1.62,0.03,5.58,1471.59
10-12-2021,1471.59,1478.12,6.53,0.06,5.61,1435.60
13-12-2021,1435.60,1471.59,35.99,0.02,5.67,1457.28
14-12-2021,1457.28,1435.60,-21.68,0.03,5.69,1453.75
15-12-2021,1453.75,1457.28,3.53,-0.04,5.72,1463.61
16-12-2021,1463.61,1453.75,-9.86,0,5.68,1461.28
17-12-2021,1461.28,1463.61,2.33,0.06,5.68,1459.85
20-12-2021,1459.85,1461.28,1.43,0,5.74,1432.67
21-12-2021,1432.67,1459.85,27.18,-0.07,5.74,1441.82
22-12-2021,1441.82,1432.67,-9.15,-0.01,5.67,1457.17
23-12-2021,1457.17,1441.82,-15.35,-0.02,5.66,1447.66
27-12-2021,1447.66,1457.17,9.51,0,5.64,1434.07
28-12-2021,1434.07,1447.66,13.59,0.05,5.64,1430.05
29-12-2021,1430.05,1434.07,04.02,-0.11,5.69,1440.31
30-12-2021,1440.31,1430.05,-10.26,0.08,5.58,1431.58
03-01-2022,1431.58,1440.31,8.73,0.03,5.66,1414.57
04-01-2022,1414.57,1431.58,17.01,-0.03,5.69,1454.67
05-01-2022,1454.67,1414.57,-40.1,0.03,5.66,1453.35
06-01-2022,1453.35,1454.67,1.32,-0.06,5.69,1466.69
07-01-2022,1466.69,1453.35,-13.34,0.04,5.63,1493.73
10-01-2022,1493.73,1466.69,-27.04,-0.09,5.67,1483.95
11-01-2022,1483.95,1493.73,9.78,-0.04,5.58,1481.83
12-01-2022,1481.83,1483.95,2.12,-0.02,5.54,1502.91
13-01-2022,1502.91,1481.83,-21.08,0,5.52,1495.12
14-01-2022,1495.12,1502.91,7.79,0,5.52,1498.14
17-01-2022,1498.14,1495.12,-3.02,0.04,5.52,1495.99
18-01-2022,1495.99,1498.14,2.15,-0.1,5.56,1498.35
19-01-2022,1498.35,1495.99,-2.36,-0.05,5.46,1509.95
20-01-2022,1509.95,1498.35,-11.6,0.05,5.41,1507.84
21-01-2022,1507.84,1509.95,2.11,0.04,5.46,1487.18
24-01-2022,1487.18,1507.84,20.66,-0.06,5.50,1479.77
25-01-2022,1479.77,1487.18,7.41,-0.03,5.44,1494.27
26-01-2022,1494.27,1479.77,-14.5,0.02,5.41,1493.25
27-01-2022,1493.25,1494.27,01.02,-0.04,5.43,1467.33
28-01-2022,1467.33,1493.25,25.92,-0.09,5.39,1481.14
31-01-2022,1481.14,1467.33,-13.81,-0.03,5.30,1474.34
01-02-2022,1474.34,1481.14,6.8,0.02,5.27,1476.50
02-02-2022,1476.50,1474.34,-2.16,0,5.29,1477.38
03-02-2022,1477.38,1476.50,-0.88,0.04,5.29,1491.62
04-02-2022,1491.62,1477.38,-14.24,-0.07,5.33,1491.20
07-02-2022,1491.20,1491.62,0.42,0,5.26,1482.26
08-02-2022,1482.26,1491.20,8.94,-0.04,5.26,1510.30
09-02-2022,1510.30,1482.26,-28.04,0.01,5.22,1555.19
10-02-2022,1555.19,1510.30,-44.89,0,5.23,1535.38
11-02-2022,1535.38,1555.19,19.81,-0.01,5.23,1519.43
14-02-2022,1519.43,1535.38,15.95,-0.04,5.22,1504.86
15-02-2022,1504.86,1519.43,14.57,-0.05,5.18,1499.37
16-02-2022,1499.37,1504.86,5.49,0.04,5.13,1498.45
17-02-2022,1498.45,1499.37,0.92,-0.03,5.17,1495.22
18-02-2022,1495.22,1498.45,3.23,-0.03,5.14,1466.51
21-02-2022,1466.51,1495.22,28.71,-0.04,5.11,1462.04
22-02-2022,1462.04,1466.51,4.47,-0.07,05.07,1453.13
23-02-2022,1453.13,1462.04,8.91,0.12,5.00,1442.80
24-02-2022,1442.80,1453.13,10.33,0.03,5.12,1425.53
25-02-2022,1425.53,1442.80,17.27,-0.04,5.15,1434.43
02-03-2022,1434.43,1425.53,-8.9,-0.09,5.11,1384.52
03-03-2022,1384.52,1434.43,49.91,0.06,05.02,1330.63
04-03-2022,1330.63,1384.52,53.89,0,05.08,1325.98
07-03-2022,1325.98,1330.63,4.65,-0.02,05.08,1318.18
08-03-2022,1318.18,1325.98,7.8,-0.05,05.06,1344.06
09-03-2022,1344.06,1318.18,-25.88,0.01,05.01,1331.86
10-03-2022,1331.86,1344.06,12.2,0.03,05.02,1306.51
11-03-2022,1306.51,1331.86,25.35,0.08,05.05,1305.56
14-03-2022,1305.56,1306.51,0.95,0.02,5.13,1291.12
15-03-2022,1291.12,1305.56,14.44,-0.04,5.15,1262.07
16-03-2022,1262.07,1291.12,29.05,-0.07,5.11,1276.74
17-03-2022,1276.74,1262.07,-14.67,-0.03,05.04,1266.57
18-03-2022,1266.57,1276.74,10.17,-0.06,05.01,1278.09
21-03-2022,1278.09,1266.57,-11.52,-0.03,4.95,1287.25
22-03-2022,1287.25,1278.09,-9.16,-0.08,4.92,1276.97
23-03-2022,1276.97,1287.25,10.28,-0.01,4.84,1272.51
24-03-2022,1272.51,1276.97,4.46,-0.08,4.83,1259.80
25-03-2022,1259.80,1272.51,12.71,0.02,4.75,1257.06
28-03-2022,1257.06,1259.80,2.74,-0.01,4.77,1210.76
29-03-2022,1210.76,1257.06,46.3,0.02,4.76,1202.21
30-03-2022,1202.21,1210.76,8.55,-0.02,4.78,1224.94
31-03-2022,1224.94,1202.21,-22.73,-0.09,4.76,1243.64
01-04-2022,1243.64,1224.94,-18.7,-0.06,4.67,1245.32
04-04-2022,1245.32,1243.64,-1.68,0.05,4.61,1247.37
05-04-2022,1247.37,1245.32,-2.05,0.06,4.66,1249.98
06-04-2022,1249.98,1247.37,-2.61,0.03,4.72,1246.26
07-04-2022,1246.26,1249.98,3.72,-0.04,4.75,1245.39
08-04-2022,1245.39,1246.26,0.87,-0.03,4.71,1271.49
11-04-2022,1271.49,1245.39,-26.1,0,4.68,1287.36
12-04-2022,1287.36,1271.49,-15.87,0.01,4.68,1278.00
13-04-2022,1278.00,1287.36,9.36,0,4.69,1249.28
14-04-2022,1249.28,1278.00,28.72,-0.03,4.69,1240.14
18-04-2022,1240.14,1249.28,9.14,0.01,4.66,1237.41
19-04-2022,1237.41,1240.14,2.73,-0.04,4.67,1233.88
20-04-2022,1233.88,1237.41,3.53,0.17,4.63,1213.90
22-04-2022,1213.90,1233.88,19.98,0.07,4.80,1243.89
25-04-2022,1243.89,1213.90,-29.99,0.12,4.87,1247.91
26-04-2022,1247.91,1243.89,-4.02,-0.03,4.99,1262.09
27-04-2022,1262.09,1247.91,-14.18,-0.02,4.96,1248.52
28-04-2022,1248.52,1262.09,13.57,0.01,4.94,1259.76
29-04-2022,1259.76,1248.52,-11.24,0.12,4.95,1267.35
02-05-2022,1267.35,1259.76,-7.59,-0.1,05.07,1254.70
03-05-2022,1254.70,1267.35,12.65,-0.06,4.97,1263.55
04-05-2022,1263.55,1254.70,-8.85,0.12,4.91,1267.30
05-05-2022,1267.30,1263.55,-3.75,0.04,05.03,1263.65
06-05-2022,1263.65,1267.30,3.65,0.09,05.07,1244.41
09-05-2022,1244.41,1263.65,19.24,-0.03,5.16,1231.77
10-05-2022,1231.77,1244.41,12.64,0.01,5.13,1224.78
11-05-2022,1224.78,1231.77,6.99,0.01,5.14,1287.69
12-05-2022,1287.69,1224.78,-62.91,-0.1,5.15,1271.64
13-05-2022,1271.64,1287.69,16.05,0,05.05,1259.80
16-05-2022,1259.80,1271.64,11.84,-0.11,05.05,1307.93
17-05-2022,1307.93,1259.80,-48.13,0.05,4.94,1308.24
18-05-2022,1308.24,1307.93,-0.31,-0.08,4.99,1278.19
19-05-2022,1278.19,1308.24,30.05,-0.04,4.91,1259.53
20-05-2022,1259.53,1278.19,18.66,-0.06,4.87,1245.75
23-05-2022,1245.75,1259.53,13.78,0.01,4.81,1229.41
24-05-2022,1229.41,1245.75,16.34,-0.01,4.82,1218.65
25-05-2022,1218.65,1229.41,10.76,-0.05,4.81,1234.47
26-05-2022,1234.47,1218.65,-15.82,-0.02,4.76,1269.38
27-05-2022,1269.38,1234.47,-34.91,0.01,4.74,1276.44
30-05-2022,1276.44,1269.38,-7.06,0,4.75,1273.45
31-05-2022,1273.45,1276.44,2.99,0.05,4.75,1273.07
01-06-2022,1273.07,1273.45,0.38,-0.01,4.80,1322.18
02-06-2022,1322.18,1273.07,-49.11,-0.01,4.79,1328.52
03-06-2022,1328.52,1322.18,-6.34,0.02,4.78,1293.37
06-06-2022,1293.37,1328.52,35.15,0.07,4.80,1329.75
07-06-2022,1329.75,1293.37,-36.38,0.01,4.87,1317.12
08-06-2022,1317.12,1329.75,12.63,0.03,4.88,1314.56
09-06-2022,1314.56,1317.12,2.56,0.07,4.91,1327.76
10-06-2022,1327.76,1314.56,-13.2,0.14,4.98,1308.09
13-06-2022,1308.09,1327.76,19.67,0.02,5.12,1310.27
14-06-2022,1310.27,1308.09,-2.18,-0.11,5.14,1322.74
15-06-2022,1322.74,1310.27,-12.47,0.11,05.03,1327.83
17-06-2022,1327.83,1322.74,-5.09,0.05,5.14,1326.24
20-06-2022,1326.24,1327.83,1.59,-0.04,5.19,1330.45
21-06-2022,1330.45,1326.24,-4.21,0.02,5.15,1362.28
22-06-2022,1362.28,1330.45,-31.83,0.06,5.17,1388.80
23-06-2022,1388.80,1362.28,-26.52,0.03,5.23,1367.14
24-06-2022,1367.14,1388.80,21.66,-0.03,5.26,1351.56
27-06-2022,1351.56,1367.14,15.58,0.04,5.23,1334.95
28-06-2022,1334.95,1351.56,16.61,-0.07,5.27,1316.62
29-06-2022,1316.62,1334.95,18.33,0.03,5.20,1351.49
30-06-2022,1351.49,1316.62,-34.87,0.09,5.23,1361.20
01-07-2022,1361.20,1351.49,-9.71,0.01,5.32,1358.71
04-07-2022,1358.71,1361.20,2.49,0.06,5.33,1353.84
05-07-2022,1353.84,1358.71,4.87,0.03,5.39,1356.14
06-07-2022,1356.14,1353.84,-2.3,-0.08,5.42,1362.90
07-07-2022,1362.90,1356.14,-6.76,-0.07,5.34,1358.75
08-07-2022,1358.75,1362.90,4.15,0.1,5.27,1348.87
11-07-2022,1348.87,1358.75,9.88,0.07,5.37,1331.57
12-07-2022,1331.57,1348.87,17.3,-0.03,5.44,1296.41
13-07-2022,1296.41,1331.57,35.16,0.02,5.41,1296.50
14-07-2022,1296.50,1296.41,-0.09,-0.02,5.43,1239.04
15-07-2022,1239.04,1296.50,57.46,0.01,5.41,1241.31
18-07-2022,1241.31,1239.04,-2.27,0,5.42,1303.58
19-07-2022,1303.58,1241.31,-62.27,0.04,5.42,1318.67
20-07-2022,1318.67,1303.58,-15.09,0.03,5.46,1332.32
21-07-2022,1332.32,1318.67,-13.65,0.01,5.49,1337.55
22-07-2022,1337.55,1332.32,-5.23,-0.13,5.50,1295.84
25-07-2022,1295.84,1337.55,41.71,-0.02,5.37,1292.83
26-07-2022,1292.83,1295.84,03.01,-0.1,5.35,1319.80
27-07-2022,1319.80,1292.83,-26.97,-0.09,5.25,1331.37
28-07-2022,1331.37,1319.80,-11.57,0.02,5.16,1317.52
29-07-2022,1317.52,1331.37,13.85,0.01,5.18,1300.89
01-08-2022,1300.89,1317.52,16.63,0.09,5.19,1285.02
02-08-2022,1285.02,1300.89,15.87,0,5.28,1271.95
03-08-2022,1271.95,1285.02,13.07,-0.06,5.28,1304.31
04-08-2022,1304.31,1271.95,-32.36,-0.05,5.22,1314.78
05-08-2022,1314.78,1304.31,-10.47,-0.06,5.17,1261.57
08-08-2022,1261.57,1314.78,53.21,0.03,5.11,1277.30
09-08-2022,1277.30,1261.57,-15.73,-0.05,5.14,1264.14
10-08-2022,1264.14,1277.30,13.16,0.07,05.09,1288.13
11-08-2022,1288.13,1264.14,-23.99,-0.09,5.16,1294.94
12-08-2022,1294.94,1288.13,-6.81,0.02,05.07,1300.76
15-08-2022,1300.76,1294.94,-5.82,0.06,05.09,1298.88
16-08-2022,1298.88,1300.76,1.88,0.02,5.15,1278.49
17-08-2022,1278.49,1298.88,20.39,0,5.17,1276.64
18-08-2022,1276.64,1278.49,1.85,0.01,5.17,1274.27
19-08-2022,1274.27,1276.64,2.37,-0.02,5.18,1275.71
22-08-2022,1275.71,1274.27,-1.44,-0.06,5.16,1301.66
23-08-2022,1301.66,1275.71,-25.95,0.01,5.10,1307.74
24-08-2022,1307.74,1301.66,-6.08,0.02,5.11,1340.01
25-08-2022,1340.01,1307.74,-32.27,-0.06,5.13,1349.76
26-08-2022,1349.76,1340.01,-9.75,-0.04,05.07,1351.64
29-08-2022,1351.64,1349.76,-1.88,0.08,05.03,1344.99
30-08-2022,1344.99,1351.64,6.65,0.09,5.11,1342.78
31-08-2022,1342.78,1344.99,2.21,0.04,5.20,1344.20
01-09-2022,1344.20,1342.78,-1.42,-0.06,5.24,1341.77
02-09-2022,1341.77,1344.20,2.43,-0.03,5.18,1331.04
05-09-2022,1331.04,1341.77,10.73,0.09,5.15,1313.30
06-09-2022,1313.30,1331.04,17.74,-0.03,5.24,1335.47
08-09-2022,1335.47,1313.30,-22.17,-0.06,5.21,1285.14
09-09-2022,1285.14,1335.47,50.33,-0.06,5.15,1316.06
12-09-2022,1316.06,1285.14,-30.92,0.1,05.09,1296.95
13-09-2022,1296.95,1316.06,19.11,-0.01,5.19,1285.69
14-09-2022,1285.69,1296.95,11.26,0.06,5.18,1265.14
15-09-2022,1265.14,1285.69,20.55,0.02,5.24,1270.71
16-09-2022,1270.71,1265.14,-5.57,-0.1,5.26,1270.42
19-09-2022,1270.42,1270.71,0.29,0,5.16,1285.41
20-09-2022,1285.41,1270.42,-14.99,0.01,5.16,1288.69
21-09-2022,1288.69,1285.41,-3.28,-0.06,5.17,1284.53
22-09-2022,1284.53,1288.69,4.16,0.14,5.11,1285.82
23-09-2022,1285.82,1284.53,-1.29,0.14,5.25,1272.92
26-09-2022,1272.92,1285.82,12.9,-0.01,5.39,1307.91
27-09-2022,1307.91,1272.92,-34.99,-0.03,5.38,1314.48
28-09-2022,1314.48,1307.91,-6.57,0.05,5.35,1314.33
29-09-2022,1314.33,1314.48,0.15,-0.02,5.40,1303.95
30-09-2022,1303.95,1314.33,10.38,-0.2,5.38,1286.80
03-10-2022,1286.80,1303.95,17.15,0,5.18,1222.53
04-10-2022,1222.53,1286.80,64.27,-0.01,5.18,1243.64
05-10-2022,1243.64,1222.53,-21.11,0.03,5.17,1260.20
06-10-2022,1260.20,1243.64,-16.56,0.03,5.20,1233.20
07-10-2022,1233.20,1260.20,27,-0.05,5.23,1229.18
10-10-2022,1229.18,1233.20,04.02,0.09,5.18,1226.30
11-10-2022,1226.30,1229.18,2.88,0.01,5.27,1223.75
13-10-2022,1223.75,1226.30,2.55,0.05,5.28,1176.35
14-10-2022,1176.35,1223.75,47.4,-0.03,5.33,1154.73
17-10-2022,1154.73,1176.35,21.62,-0.04,5.30,1141.32
18-10-2022,1141.32,1154.73,13.41,0.01,5.26,1130.38
19-10-2022,1130.38,1141.32,10.94,-0.05,5.27,1103.41
20-10-2022,1103.41,1130.38,26.97,-0.07,5.22,1081.63
21-10-2022,1081.63,1103.41,21.78,0.14,5.15,1070.11
24-10-2022,1070.11,1081.63,11.52,0.03,5.29,1078.75
25-10-2022,1078.75,1070.11,-8.64,0.05,5.32,1062.79
26-10-2022,1062.79,1078.75,15.96,-0.07,5.37,1040.79
27-10-2022,1040.79,1062.79,22,0.01,5.30,1037.92
28-10-2022,1037.92,1040.79,2.87,-0.14,5.31,987.53
31-10-2022,987.53,1037.92,50.39,-0.06,5.17,1005.33
01-11-2022,1005.33,987.53,-17.8,0,5.11,987.63
03-11-2022,987.63,1005.33,17.7,-0.08,5.11,958.29
04-11-2022,958.29,987.63,29.34,0.13,05.03,961.72
07-11-2022,961.72,958.29,-3.43,0.01,5.16,940.31
08-11-2022,940.31,961.72,21.41,0.01,5.17,934.82
09-11-2022,934.82,940.31,5.49,0.22,5.18,930.62
10-11-2022,930.62,934.82,4.2,-0.06,5.40,957.67
11-11-2022,957.67,930.62,-27.05,-0.01,5.34,969.33
14-11-2022,969.33,957.67,-11.66,0.05,5.33,956.77
16-11-2022,956.77,969.33,12.56,0.05,5.38,943.57
17-11-2022,943.57,956.77,13.2,-0.06,5.43,943.15
18-11-2022,943.15,943.57,0.42,-0.06,5.37,932.71
21-11-2022,932.71,943.15,10.44,0.07,5.31,949.51
22-11-2022,949.51,932.71,-16.8,-0.01,5.38,970.27
23-11-2022,970.27,949.51,-20.76,-0.06,5.37,975.17
24-11-2022,975.17,970.27,-4.9,0.1,5.31,972.75
25-11-2022,972.75,975.17,2.42,-0.04,5.41,984.78
28-11-2022,984.78,972.75,-12.03,-0.08,5.37,972.21
29-11-2022,972.21,984.78,12.57,-0.08,5.29,999.97
30-11-2022,999.97,972.21,-27.76,0,5.21,1003.01
01-12-2022,1003.01,999.97,-3.04,0.01,5.21,986.50
02-12-2022,986.50,1003.01,16.51,0.06,5.22,982.38
05-12-2022,982.38,986.50,4.12,-0.01,5.28,981.02
06-12-2022,981.02,982.38,1.36,-0.06,5.27,989.09
07-12-2022,989.09,981.02,-8.07,0,5.21,984.85
08-12-2022,984.85,989.09,4.24,0.03,5.21,973.49
09-12-2022,973.49,984.85,11.36,0.09,5.24,979.85
12-12-2022,979.85,973.49,-6.36,-0.01,5.33,1016.22
13-12-2022,1016.22,979.85,-36.37,0,5.32,1023.87
14-12-2022,1023.87,1016.22,-7.65,0,5.32,1028.07
15-12-2022,1028.07,1023.87,-4.2,-0.02,5.32,1045.13
16-12-2022,1045.13,1028.07,-17.06,0.01,5.30,1020.37
19-12-2022,1020.37,1045.13,24.76,-0.1,5.31,1016.75
20-12-2022,1016.75,1020.37,3.62,-0.01,5.21,1027.61
21-12-2022,1027.61,1016.75,-10.86,-0.02,5.20,1023.12
22-12-2022,1023.12,1027.61,4.49,-0.02,5.18,1022.97
23-12-2022,1022.97,1023.12,0.15,0.05,5.16,1024.86
26-12-2022,1024.86,1022.97,-1.89,0.07,5.21,1027.31
27-12-2022,1027.31,1024.86,-2.45,-0.03,5.28,1023.64
28-12-2022,1023.64,1027.31,3.67,0.03,5.25,1044.61
29-12-2022,1044.61,1023.64,-20.97,-5.28,5.28,1037.90